member_id	first_name	last_name	position	iso2c	country	group_code	group_label	group_short_label
197490	Magdalena	ADAMOWICZ	For	PL	Poland	EPP	European People’s Party	EPP
189525	Asim	ADEMOV	For	BG	Bulgaria	EPP	European People’s Party	EPP
124831	Isabella	ADINOLFI	Did Not Vote	IT	Italy	EPP	European People’s Party	EPP
197826	Matteo	ADINOLFI	Did Not Vote	IT	Italy	ID	Identity and Democracy	ID
197403	Alex	AGIUS SALIBA	Did Not Vote	MT	Malta	SD	Progressive Alliance of Socialists and Democrats	S&D
198096	Mazaly	AGUILAR	For	ES	Spain	ECR	European Conservatives and Reformists	ECR
125045	Clara	AGUILERA	For	ES	Spain	SD	Progressive Alliance of Socialists and Democrats	S&D
197400	Abir	AL-SAHLANI	For	SE	Sweden	RENEW	Renew Europe	Renew
204335	Alviina	ALAMETSÄ	For	FI	Finland	GREEN_EFA	Greens/European Free Alliance	Greens/EFA
237224	João	ALBUQUERQUE	For	PT	Portugal	SD	Progressive Alliance of Socialists and Democrats	S&D
197836	Alexander	ALEXANDROV YORDANOV	For	BG	Bulgaria	EPP	European People’s Party	EPP
96750	François	ALFONSI	For	FR	France	GREEN_EFA	Greens/European Free Alliance	Greens/EFA
197848	Atidzhe	ALIEVA-VELI	For	BG	Bulgaria	RENEW	Renew Europe	Renew
247122	Catherine	AMALRIC	For	FR	France	RENEW	Renew Europe	Renew
197783	Andris	AMERIKS	For	LV	Latvia	SD	Progressive Alliance of Socialists and Democrats	S&D
197475	Christine	ANDERSON	Against	DE	Germany	ID	Identity and Democracy	ID
197448	Rasmus	ANDRESEN	For	DE	Germany	GREEN_EFA	Greens/European Free Alliance	Greens/EFA
204332	Barry	ANDREWS	For	IE	Ireland	RENEW	Renew Europe	Renew
197691	Mathilde	ANDROUËT	Against	FR	France	ID	Identity and Democracy	ID
202073	Marc	ANGEL	For	LU	Luxembourg	SD	Progressive Alliance of Socialists and Democrats	S&D
124973	Gerolf	ANNEMANS	Against	BE	Belgium	ID	Identity and Democracy	ID
124696	Andrus	ANSIP	For	EE	Estonia	RENEW	Renew Europe	Renew
197587	Attila	ARA-KOVÁCS	For	HU	Hungary	SD	Progressive Alliance of Socialists and Democrats	S&D
124936	Maria	ARENA	For	BE	Belgium	SD	Progressive Alliance of Socialists and Democrats	S&D
96808	Pablo	ARIAS ECHEVERRÍA	For	ES	Spain	EPP	European People’s Party	EPP
24922	Pascal	ARIMONT	For	BE	Belgium	EPP	European People’s Party	EPP
197701	Konstantinos	ARVANITIS	Did Not Vote	GR	Greece	GUE_NGL	The Left in the European Parliament – GUE/NGL	GUE/NGL
197695	Anna-Michelle	ASIMAKOPOULOU	For	GR	Greece	EPP	European People’s Party	EPP
197533	Manon	AUBRY	Against	FR	France	GUE_NGL	The Left in the European Parliament – GUE/NGL	GUE/NGL
28161	Margrete	AUKEN	For	DK	Denmark	GREEN_EFA	Greens/European Free Alliance	Greens/EFA
124766	Petras	AUŠTREVIČIUS	For	LT	Lithuania	RENEW	Renew Europe	Renew
197651	Carmen	AVRAM	Did Not Vote	RO	Romania	SD	Progressive Alliance of Socialists and Democrats	S&D
197781	Malik	AZMANI	For	NL	Netherlands	RENEW	Renew Europe	Renew
247735	Laura	BALLARÍN CEREZA	For	ES	Spain	SD	Progressive Alliance of Socialists and Democrats	S&D
197495	Marek Paweł	BALT	For	PL	Poland	SD	Progressive Alliance of Socialists and Democrats	S&D
131580	Jordan	BARDELLA	Did Not Vote	FR	France	ID	Identity and Democracy	ID
197433	Katarina	BARLEY	For	DE	Germany	SD	Progressive Alliance of Socialists and Democrats	S&D
197808	Pietro	BARTOLO	Did Not Vote	IT	Italy	SD	Progressive Alliance of Socialists and Democrats	S&D
197610	Alessandra	BASSO	Against	IT	Italy	ID	Identity and Democracy	ID
197779	José Ramón	BAUZÁ DÍAZ	For	ES	Spain	RENEW	Renew Europe	Renew
124760	Nicolas	BAY	Against	FR	France	ECR	European Conservatives and Reformists	ECR
132191	Gunnar	BECK	Against	DE	Germany	ID	Identity and Democracy	ID
254719	Vasco	BECKER-WEINBERG	For	PT	Portugal	EPP	European People’s Party	EPP
124777	Tiziana	BEGHIN	For	IT	Italy	NI	Non-attached Members	Non-attached
197680	Aurélia	BEIGNEUX	Against	FR	France	ID	Identity and Democracy	ID
197496	Marek	BELKA	For	PL	Poland	SD	Progressive Alliance of Socialists and Democrats	S&D
197534	François-Xavier	BELLAMY	Abstain	FR	France	EPP	European People’s Party	EPP
197658	Adrian-Dragoş	BENEA	Did Not Vote	RO	Romania	SD	Progressive Alliance of Socialists and Democrats	S&D
124867	Brando	BENIFEI	For	IT	Italy	SD	Progressive Alliance of Socialists and Democrats	S&D
197679	Isabel	BENJUMEA BENJUMEA	Abstain	ES	Spain	EPP	European People’s Party	EPP
197408	Hildegard	BENTELE	For	DE	Germany	EPP	European People’s Party	EPP
197778	Tom	BERENDSEN	For	NL	Netherlands	EPP	European People’s Party	EPP
197478	Lars Patrick	BERG	For	DE	Germany	ECR	European Conservatives and Reformists	ECR
197410	Stefan	BERGER	Did Not Vote	DE	Germany	EPP	European People’s Party	EPP
4746	Sergio	BERLATO	Abstain	IT	Italy	ECR	European Conservatives and Reformists	ECR
197648	Alexander	BERNHUBER	Did Not Vote	AT	Austria	EPP	European People’s Party	EPP
23868	Monika	BEŇOVÁ	Against	SK	Slovakia	NI	Non-attached Members	Non-attached
197498	Robert	BIEDROŃ	For	PL	Poland	SD	Progressive Alliance of Socialists and Democrats	S&D
23788	Adam	BIELAN	Against	PL	Poland	ECR	European Conservatives and Reformists	ECR
238674	Theresa	BIELOWSKI	For	AT	Austria	SD	Progressive Alliance of Socialists and Democrats	S&D
197551	Stéphane	BIJOUX	For	FR	France	RENEW	Renew Europe	Renew
96922	Izaskun	BILBAO BARANDICA	For	ES	Spain	RENEW	Renew Europe	Renew
124771	Dominique	BILDE	Against	FR	France	ID	Identity and Democracy	ID
197771	Vladimír	BILČÍK	For	SK	Slovakia	EPP	European People’s Party	EPP
197435	Gabriele	BISCHOFF	For	DE	Germany	SD	Progressive Alliance of Socialists and Democrats	S&D
197512	Benoît	BITEAU	For	FR	France	GREEN_EFA	Greens/European Free Alliance	Greens/EFA
124992	Malin	BJÖRK	For	SE	Sweden	GUE_NGL	The Left in the European Parliament – GUE/NGL	GUE/NGL
197637	Vasile	BLAGA	For	RO	Romania	EPP	European People’s Party	EPP
197564	Hynek	BLAŠKO	Against	CZ	Czechia	NI	Non-attached Members	Non-attached
96681	Vilija	BLINKEVIČIŪTĖ	For	LT	Lithuania	SD	Progressive Alliance of Socialists and Democrats	S&D
197449	Michael	BLOSS	For	DE	Germany	GREEN_EFA	Greens/European Free Alliance	Greens/EFA
124712	Andrea	BOCSKOR	Against	HU	Hungary	NI	Non-attached Members	Non-attached
197439	Damian	BOESELAGER	For	DE	Germany	GREEN_EFA	Greens/European Free Alliance	Greens/EFA
197636	Ioan-Rareş	BOGDAN	Did Not Vote	RO	Romania	EPP	European People’s Party	EPP
125004	Franc	BOGOVIČ	For	SI	Slovenia	EPP	European People’s Party	EPP
197788	Anna	BONFRISCO	Did Not Vote	IT	Italy	ID	Identity and Democracy	ID
101039	Paolo	BORCHIA	Against	IT	Italy	ID	Identity and Democracy	ID
112748	Biljana	BORZAN	For	HR	Croatia	SD	Progressive Alliance of Socialists and Democrats	S&D
187917	Marc	BOTENGA	Abstain	BE	Belgium	GUE_NGL	The Left in the European Parliament – GUE/NGL	GUE/NGL
197668	Vlad-Marius	BOTOŞ	For	RO	Romania	RENEW	Renew Europe	Renew
197467	Geert	BOURGEOIS	For	BE	Belgium	ECR	European Conservatives and Reformists	ECR
197577	Gilles	BOYER	For	FR	France	RENEW	Renew Europe	Renew
226260	Karolin	BRAUNSBERGER-REINHOLD	For	DE	Germany	EPP	European People’s Party	EPP
251324	Krzysztof	BREJZA	Against	PL	Poland	EPP	European People’s Party	EPP
28346	Mercedes	BRESSO	For	IT	Italy	SD	Progressive Alliance of Socialists and Democrats	S&D
197431	Patrick	BREYER	For	DE	Germany	GREEN_EFA	Greens/European Free Alliance	Greens/EFA
197446	Milan	BRGLEZ	For	SI	Slovenia	SD	Progressive Alliance of Socialists and Democrats	S&D
197470	Saskia	BRICMONT	For	BE	Belgium	GREEN_EFA	Greens/European Free Alliance	Greens/EFA
197501	Joachim Stanisław	BRUDZIŃSKI	Did Not Vote	PL	Poland	ECR	European Conservatives and Reformists	ECR
182995	Annika	BRUNA	Against	FR	France	ID	Identity and Democracy	ID
197576	Sylvie	BRUNET	For	FR	France	RENEW	Renew Europe	Renew
128483	Markus	BUCHHEIT	Against	DE	Germany	ID	Identity and Democracy	ID
125012	Daniel	BUDA	For	RO	Romania	EPP	European People’s Party	EPP
4267	Udo	BULLMANN	For	DE	Germany	SD	Progressive Alliance of Socialists and Democrats	S&D
197440	Delara	BURKHARDT	For	DE	Germany	SD	Progressive Alliance of Socialists and Democrats	S&D
197434	Martin	BUSCHMANN	For	DE	Germany	NI	Non-attached Members	Non-attached
197829	Jorge	BUXADÉ VILLALBA	For	ES	Spain	ECR	European Conservatives and Reformists	ECR
28269	Jerzy	BUZEK	For	PL	Poland	EPP	European People’s Party	EPP
38420	Cristian-Silviu	BUŞOI	For	RO	Romania	EPP	European People’s Party	EPP
96739	Reinhard	BÜTIKOFER	For	DE	Germany	GREEN_EFA	Greens/European Free Alliance	Greens/EFA
197671	Traian	BĂSESCU	Did Not Vote	RO	Romania	EPP	European People’s Party	EPP
35016	Marco	CAMPOMENOSI	Against	IT	Italy	ID	Identity and Democracy	ID
96711	Pascal	CANFIN	For	FR	France	RENEW	Renew Europe	Renew
250572	Patricia	CARO MAYA	Against	ES	Spain	GUE_NGL	The Left in the European Parliament – GUE/NGL	GUE/NGL
199996	Isabel	CARVALHAIS	For	PT	Portugal	SD	Progressive Alliance of Socialists and Democrats	S&D
197574	Damien	CARÊME	Did Not Vote	FR	France	GREEN_EFA	Greens/European Free Alliance	Greens/EFA
28122	David	CASA	For	MT	Malta	EPP	European People’s Party	EPP
197796	Massimo	CASANOVA	Did Not Vote	IT	Italy	ID	Identity and Democracy	ID
28219	Daniel	CASPARY	For	DE	Germany	EPP	European People’s Party	EPP
124812	Fabio Massimo	CASTALDO	For	IT	Italy	RENEW	Renew Europe	Renew
86793	Anna	CAVAZZINI	For	DE	Germany	GREEN_EFA	Greens/European Free Alliance	Greens/EFA
126644	Jordi	CAÑAS	For	ES	Spain	RENEW	Renew Europe	Renew
197786	Susanna	CECCARDI	Did Not Vote	IT	Italy	ID	Identity and Democracy	ID
197641	Sara	CERDAS	For	PT	Portugal	SD	Progressive Alliance of Socialists and Democrats	S&D
197505	Catherine	CHABAUD	For	FR	France	RENEW	Renew Europe	Renew
236052	Patricia	CHAGNON	Against	FR	France	ID	Identity and Democracy	ID
197782	Mohammed	CHAHIM	For	NL	Netherlands	SD	Progressive Alliance of Socialists and Democrats	S&D
197529	Leila	CHAIBI	Against	FR	France	GUE_NGL	The Left in the European Parliament – GUE/NGL	GUE/NGL
124708	Dita	CHARANZOVÁ	For	CZ	Czechia	RENEW	Renew Europe	Renew
197463	Olivier	CHASTEL	For	BE	Belgium	RENEW	Renew Europe	Renew
124861	Caterina	CHINNICI	For	IT	Italy	EPP	European People’s Party	EPP
197558	Asger	CHRISTENSEN	For	DK	Denmark	RENEW	Renew Europe	Renew
204416	Ilana	CICUREL	For	FR	France	RENEW	Renew Europe	Renew
197507	Włodzimierz	CIMOSZEWICZ	For	PL	Poland	SD	Progressive Alliance of Socialists and Democrats	S&D
183793	Angelo	CIOCCA	Against	IT	Italy	ID	Identity and Democracy	ID
197631	Dacian	CIOLOŞ	Did Not Vote	RO	Romania	RENEW	Renew Europe	Renew
197657	Tudor	CIUHODARU	Abstain	RO	Romania	NI	Non-attached Members	Non-attached
245018	Christophe	CLERGEAU	For	FR	France	SD	Progressive Alliance of Socialists and Democrats	S&D
124988	Deirdre	CLUNE	For	IE	Ireland	EPP	European People’s Party	EPP
1892	Carlos	COELHO	For	PT	Portugal	EPP	European People’s Party	EPP
197536	Nathalie	COLIN-OESTERLÉ	Abstain	FR	France	EPP	European People’s Party	EPP
247737	Ana	COLLADO JIMÉNEZ	Abstain	ES	Spain	EPP	European People’s Party	EPP
197683	Gilbert	COLLARD	Did Not Vote	FR	France	NI	Non-attached Members	Non-attached
96775	Lara	COMI	For	IT	Italy	EPP	European People’s Party	EPP
202352	Antoni	COMÍN I OLIVERES	Did Not Vote	ES	Spain	NI	Non-attached Members	Non-attached
197616	Rosanna	CONTE	Against	IT	Italy	ID	Identity and Democracy	ID
197503	David	CORMAND	For	FR	France	GREEN_EFA	Greens/European Free Alliance	Greens/EFA
124856	Ignazio	CORRAO	For	IT	Italy	GREEN_EFA	Greens/European Free Alliance	Greens/EFA
240478	Beatrice	COVASSI	For	IT	Italy	SD	Progressive Alliance of Socialists and Democrats	S&D
96880	Andrea	COZZOLINO	For	IT	Italy	NI	Non-attached Members	Non-attached
33997	Corina	CREȚU	Did Not Vote	RO	Romania	SD	Progressive Alliance of Socialists and Democrats	S&D
197588	Katalin	CSEH	For	HU	Hungary	RENEW	Renew Europe	Renew
197654	Ciarán	CUFFE	For	IE	Ireland	GREEN_EFA	Greens/European Free Alliance	Greens/EFA
197394	Josianne	CUTAJAR	For	MT	Malta	SD	Progressive Alliance of Socialists and Democrats	S&D
28372	Ryszard	CZARNECKI	Against	PL	Poland	ECR	European Conservatives and Reformists	ECR
124835	Rosa	D'AMATO	Did Not Vote	IT	Italy	GREEN_EFA	Greens/European Free Alliance	Greens/EFA
197608	Gianantonio	DA RE	Against	IT	Italy	ID	Identity and Democracy	ID
183338	Jakop G.	DALUNDE	For	SE	Sweden	GREEN_EFA	Greens/European Free Alliance	Greens/EFA
197731	Clare	DALY	Against	IE	Ireland	GUE_NGL	The Left in the European Parliament – GUE/NGL	GUE/NGL
96747	Arnaud	DANJEAN	Did Not Vote	FR	France	EPP	European People’s Party	EPP
124821	Nicola	DANTI	For	IT	Italy	RENEW	Renew Europe	Renew
239258	Maria Angela	DANZÌ	For	IT	Italy	NI	Non-attached Members	Non-attached
236050	Marie	DAUCHY	Against	FR	France	ID	Identity and Democracy	ID
197556	Ivan	DAVID	Against	CZ	Czechia	ID	Identity and Democracy	ID
228604	Ilan	DE BASSO	For	SE	Sweden	SD	Progressive Alliance of Socialists and Democrats	S&D
239262	Elisabetta	DE BLASIS	Did Not Vote	IT	Italy	ECR	European Conservatives and Reformists	ECR
96891	Paolo	DE CASTRO	For	IT	Italy	SD	Progressive Alliance of Socialists and Democrats	S&D
204414	Margarita	DE LA PISA CARRIÓN	For	ES	Spain	ECR	European Conservatives and Reformists	ECR
197472	Filip	DE MAN	Against	BE	Belgium	ID	Identity and Democracy	ID
204333	Salvatore	DE MEO	For	IT	Italy	EPP	European People’s Party	EPP
197504	Jérémy	DECERLE	For	FR	France	RENEW	Renew Europe	Renew
28390	Pilar	DEL CASTILLO VERA	Did Not Vote	ES	Spain	EPP	European People’s Party	EPP
197531	Gwendoline	DELBOS-CORFIELD	For	FR	France	GREEN_EFA	Greens/European Free Alliance	Greens/EFA
124714	Andor	DELI	Against	HU	Hungary	NI	Non-attached Members	Non-attached
96868	Karima	DELLI	For	FR	France	GREEN_EFA	Greens/European Free Alliance	Greens/EFA
197468	Özlem	DEMIREL	Against	DE	Germany	GUE_NGL	The Left in the European Parliament – GUE/NGL	GUE/NGL
197453	Anna	DEPARNAY-GRUNENBERG	For	DE	Germany	GREEN_EFA	Greens/European Free Alliance	Greens/EFA
96826	Tamás	DEUTSCH	Against	HU	Hungary	NI	Non-attached Members	Non-attached
190774	Geoffroy	DIDIER	Abstain	FR	France	EPP	European People’s Party	EPP
124709	Martina	DLABAJOVÁ	For	CZ	Czechia	RENEW	Renew Europe	Renew
197579	Klára	DOBREV	Against	HU	Hungary	SD	Progressive Alliance of Socialists and Democrats	S&D
197473	Christian	DOLESCHAL	For	DE	Germany	EPP	European People’s Party	EPP
197822	Francesca	DONATO	Did Not Vote	IT	Italy	NI	Non-attached Members	Non-attached
197595	Anna Júlia	DONÁTH	Did Not Vote	HU	Hungary	RENEW	Renew Europe	Renew
96787	Herbert	DORFMANN	For	IT	Italy	EPP	European People’s Party	EPP
254720	Ana Miguel	DOS SANTOS	For	PT	Portugal	EPP	European People’s Party	EPP
197510	Jarosław	DUDA	Against	PL	Poland	EPP	European People’s Party	EPP
124693	Pascal	DURAND	For	FR	France	SD	Progressive Alliance of Socialists and Democrats	S&D
198329	Estrella	DURÁ FERRANDIS	For	ES	Spain	SD	Progressive Alliance of Socialists and Democrats	S&D
124873	Angel	DZHAMBAZKI	Against	BG	Bulgaria	ECR	European Conservatives and Reformists	ECR
99945	Lena	DÜPONT	For	DE	Germany	EPP	European People’s Party	EPP
237465	Matthias	ECKE	For	DE	Germany	SD	Progressive Alliance of Socialists and Democrats	S&D
28226	Christian	EHLER	For	DE	Germany	EPP	European People’s Party	EPP
96725	Bas	EICKHOUT	For	NL	Netherlands	GREEN_EFA	Greens/European Free Alliance	Greens/EFA
209091	Cyrus	ENGERER	For	MT	Malta	SD	Progressive Alliance of Socialists and Democrats	S&D
96852	Cornelia	ERNST	For	DE	Germany	GUE_NGL	The Left in the European Parliament – GUE/NGL	GUE/NGL
197430	Engin	EROGLU	Against	DE	Germany	RENEW	Renew Europe	Renew
96811	Rosa	ESTARÀS FERRAGUT	For	ES	Spain	EPP	European People’s Party	EPP
197649	Gheorghe	FALCĂ	Did Not Vote	RO	Romania	EPP	European People’s Party	EPP
197589	Laurence	FARRENG	For	FR	France	RENEW	Renew Europe	Renew
1917	Markus	FERBER	For	DE	Germany	EPP	European People’s Party	EPP
125046	Jonás	FERNÁNDEZ	For	ES	Spain	SD	Progressive Alliance of Socialists and Democrats	S&D
192634	Giuseppe	FERRANDINO	Did Not Vote	IT	Italy	RENEW	Renew Europe	Renew
124833	Laura	FERRARA	For	IT	Italy	NI	Non-attached Members	Non-attached
197480	Nicolaus	FEST	Against	DE	Germany	ID	Identity and Democracy	ID
96810	Carlo	FIDANZA	Abstain	IT	Italy	ECR	European Conservatives and Reformists	ECR
197607	Pietro	FIOCCHI	Did Not Vote	IT	Italy	ECR	European Conservatives and Reformists	ECR
197720	Frances	FITZGERALD	For	IE	Ireland	EPP	European People’s Party	EPP
124985	Luke Ming	FLANAGAN	Against	IE	Ireland	GUE_NGL	The Left in the European Parliament – GUE/NGL	GUE/NGL
197419	Valter	FLEGO	Did Not Vote	HR	Croatia	RENEW	Renew Europe	Renew
28353	Anna	FOTYGA	Against	PL	Poland	ECR	European Conservatives and Reformists	ECR
197414	Loucas	FOURLAS	Did Not Vote	CY	Cyprus	EPP	European People’s Party	EPP
198490	Emmanouil	FRAGKOS	Against	GR	Greece	ECR	European Conservatives and Reformists	ECR
197513	Tomasz	FRANKOWSKI	Against	PL	Poland	EPP	European People’s Party	EPP
197455	Cindy	FRANSSEN	For	BE	Belgium	EPP	European People’s Party	EPP
193273	Romeo	FRANZ	Did Not Vote	DE	Germany	GREEN_EFA	Greens/European Free Alliance	Greens/EFA
106936	Daniel	FREUND	For	DE	Germany	GREEN_EFA	Greens/European Free Alliance	Greens/EFA
197391	Heléne	FRITZON	For	SE	Sweden	SD	Progressive Alliance of Socialists and Democrats	S&D
101585	Niels	FUGLSANG	For	DK	Denmark	SD	Progressive Alliance of Socialists and Democrats	S&D
197795	Mario	FURORE	For	IT	Italy	NI	Non-attached Members	Non-attached
2341	Michael	GAHLER	For	DE	Germany	EPP	European People’s Party	EPP
197632	Claudia	GAMON	For	AT	Austria	RENEW	Renew Europe	Renew
197582	Gianna	GANCIA	Against	IT	Italy	ID	Identity and Democracy	ID
197717	Ibán	GARCÍA DEL BLANCO	For	ES	Spain	SD	Progressive Alliance of Socialists and Democrats	S&D
197742	Isabel	GARCÍA MUÑOZ	For	ES	Spain	SD	Progressive Alliance of Socialists and Democrats	S&D
28298	Iratxe	GARCÍA PÉREZ	For	ES	Spain	SD	Progressive Alliance of Socialists and Democrats	S&D
1992	José Manuel	GARCÍA-MARGALLO Y MARFIL	For	ES	Spain	EPP	European People’s Party	EPP
96991	Eider	GARDIAZABAL RUBIAL	For	ES	Spain	SD	Progressive Alliance of Socialists and Democrats	S&D
197628	Jean-Paul	GARRAUD	Against	FR	France	ID	Identity and Democracy	ID
239255	Matteo	GAZZINI	For	IT	Italy	EPP	European People’s Party	EPP
183916	Alexandra	GEESE	For	DE	Germany	GREEN_EFA	Greens/European Free Alliance	Greens/EFA
96833	Jens	GEIER	For	DE	Germany	SD	Progressive Alliance of Socialists and Democrats	S&D
197794	Chiara	GEMMA	Abstain	IT	Italy	ECR	European Conservatives and Reformists	ECR
197416	Giorgos	GEORGIOU	Did Not Vote	CY	Cyprus	GUE_NGL	The Left in the European Parliament – GUE/NGL	GUE/NGL
197819	Alexis	GEORGOULIS	Did Not Vote	GR	Greece	NI	Non-attached Members	Non-attached
251874	Niels	GEUKING	For	DE	Germany	EPP	European People’s Party	EPP
209140	Vlad	GHEORGHE	For	RO	Romania	RENEW	Renew Europe	Renew
239256	Paola	GHIDONI	Against	IT	Italy	ID	Identity and Democracy	ID
197804	Dino	GIARRUSSO	For	IT	Italy	NI	Non-attached Members	Non-attached
124807	Jens	GIESEKE	For	DE	Germany	EPP	European People’s Party	EPP
253008	Linus	GLANZELIUS	For	SE	Sweden	SD	Progressive Alliance of Socialists and Democrats	S&D
202036	Sunčana	GLAVAK	Did Not Vote	HR	Croatia	EPP	European People’s Party	EPP
197694	Raphaël	GLUCKSMANN	For	FR	France	SD	Progressive Alliance of Socialists and Democrats	S&D
197443	Andreas	GLÜCK	For	DE	Germany	RENEW	Renew Europe	Renew
840	Charles	GOERENS	For	LU	Luxembourg	RENEW	Renew Europe	Renew
197728	Mónica Silvana	GONZÁLEZ	For	ES	Spain	SD	Progressive Alliance of Socialists and Democrats	S&D
197718	Nicolás	GONZÁLEZ CASARES	For	ES	Spain	SD	Progressive Alliance of Socialists and Democrats	S&D
204419	Sandro	GOZI	For	FR	France	RENEW	Renew Europe	Renew
197799	Valentino	GRANT	Did Not Vote	IT	Italy	ID	Identity and Democracy	ID
124785	Maria	GRAPINI	For	RO	Romania	SD	Progressive Alliance of Socialists and Democrats	S&D
197549	Markéta	GREGOROVÁ	For	CZ	Czechia	GREEN_EFA	Greens/European Free Alliance	Greens/EFA
94649	Catherine	GRISET	Against	FR	France	ID	Identity and Democracy	ID
197780	Bart	GROOTHUIS	For	NL	Netherlands	RENEW	Renew Europe	Renew
197452	Klemen	GROŠELJ	For	SI	Slovenia	RENEW	Renew Europe	Renew
197557	Christophe	GRUDLER	For	FR	France	RENEW	Renew Europe	Renew
204420	Claude	GRUFFAT	For	FR	France	GREEN_EFA	Greens/European Free Alliance	Greens/EFA
197618	Elisabetta	GUALMINI	For	IT	Italy	SD	Progressive Alliance of Socialists and Democrats	S&D
197645	Francisco	GUERREIRO	For	PT	Portugal	GREEN_EFA	Greens/European Free Alliance	Greens/EFA
197543	Bernard	GUETTA	For	FR	France	RENEW	Renew Europe	Renew
96952	Sylvie	GUILLAUME	For	FR	France	SD	Progressive Alliance of Socialists and Democrats	S&D
88715	José	GUSMÃO	For	PT	Portugal	GUE_NGL	The Left in the European Parliament – GUE/NGL	GUE/NGL
198063	Márton	GYÖNGYÖSI	Did Not Vote	HU	Hungary	NI	Non-attached Members	Non-attached
23816	András	GYÜRK	Did Not Vote	HU	Hungary	NI	Non-attached Members	Non-attached
96830	Enikő	GYŐRI	Against	HU	Hungary	NI	Non-attached Members	Non-attached
28150	Kinga	GÁL	Against	HU	Hungary	NI	Non-attached Members	Non-attached
197702	Lina	GÁLVEZ	For	ES	Spain	SD	Progressive Alliance of Socialists and Democrats	S&D
247709	Anja	HAGA	For	NL	Netherlands	EPP	European People’s Party	EPP
197444	Svenja	HAHN	For	DE	Germany	RENEW	Renew Europe	Renew
197457	Henrike	HAHN	For	DE	Germany	GREEN_EFA	Greens/European Free Alliance	Greens/EFA
198176	Roman	HAIDER	Against	AT	Austria	ID	Identity and Democracy	ID
34578	Robert	HAJŠEL	Did Not Vote	SK	Slovakia	SD	Progressive Alliance of Socialists and Democrats	S&D
197596	Teuvo	HAKKARAINEN	For	FI	Finland	ECR	European Conservatives and Reformists	ECR
197514	Andrzej	HALICKI	Did Not Vote	PL	Poland	EPP	European People’s Party	EPP
2054	Heidi	HAUTALA	For	FI	Finland	GREEN_EFA	Greens/European Free Alliance	Greens/EFA
197646	Mircea-Gheorghe	HAVA	For	RO	Romania	EPP	European People’s Party	EPP
135511	Valérie	HAYER	Did Not Vote	FR	France	RENEW	Renew Europe	Renew
125023	Anja	HAZEKAMP	Did Not Vote	NL	Netherlands	GUE_NGL	The Left in the European Parliament – GUE/NGL	GUE/NGL
197682	Hannes	HEIDE	For	AT	Austria	SD	Progressive Alliance of Socialists and Democrats	S&D
197800	Eero	HEINÄLUOMA	For	FI	Finland	SD	Progressive Alliance of Socialists and Democrats	S&D
197412	Niclas	HERBST	For	DE	Germany	EPP	European People’s Party	EPP
197459	Pierrette	HERZBERGER-FOFANA	For	DE	Germany	GREEN_EFA	Greens/European Free Alliance	Greens/EFA
124586	Balázs	HIDVÉGHI	Against	HU	Hungary	NI	Non-attached Members	Non-attached
197526	Martin	HLAVÁČEK	Against	CZ	Czechia	RENEW	Renew Europe	Renew
96780	Monika	HOHLMEIER	Did Not Vote	DE	Germany	EPP	European People’s Party	EPP
197770	Martin	HOJSÍK	Abstain	SK	Slovakia	RENEW	Renew Europe	Renew
197398	Pär	HOLMGREN	For	SE	Sweden	GREEN_EFA	Greens/European Free Alliance	Greens/EFA
122978	Alicia	HOMS GINEL	For	ES	Spain	SD	Progressive Alliance of Socialists and Democrats	S&D
218349	Michiel	HOOGEVEEN	For	NL	Netherlands	ECR	European Conservatives and Reformists	ECR
5565	Brice	HORTEFEUX	Abstain	FR	France	EPP	European People’s Party	EPP
197846	Ivo	HRISTOV	For	BG	Bulgaria	SD	Progressive Alliance of Socialists and Democrats	S&D
58789	Jan	HUITEMA	For	NL	Netherlands	RENEW	Renew Europe	Renew
96752	Martin	HÄUSLING	For	DE	Germany	GREEN_EFA	Greens/European Free Alliance	Greens/EFA
124715	György	HÖLVÉNYI	Abstain	HU	Hungary	EPP	European People’s Party	EPP
96779	Danuta Maria	HÜBNER	Against	PL	Poland	EPP	European People’s Party	EPP
197624	Ivars	IJABS	For	LV	Latvia	RENEW	Renew Europe	Renew
221463	Ladislav	ILČIĆ	Did Not Vote	HR	Croatia	ECR	European Conservatives and Reformists	ECR
28266	Sophia	IN 'T VELD	For	NL	Netherlands	RENEW	Renew Europe	Renew
197392	Evin	INCIR	For	SE	Sweden	SD	Progressive Alliance of Socialists and Democrats	S&D
96772	Peter	JAHR	For	DE	Germany	EPP	European People’s Party	EPP
197837	Stasys	JAKELIŪNAS	Abstain	LT	Lithuania	GREEN_EFA	Greens/European Free Alliance	Greens/EFA
197516	Patryk	JAKI	Against	PL	Poland	ECR	European Conservatives and Reformists	ECR
124770	Jean-François	JALKH	Did Not Vote	FR	France	ID	Identity and Democracy	ID
189065	France	JAMET	Against	FR	France	ID	Identity and Democracy	ID
197517	Adam	JARUBAS	Against	PL	Poland	EPP	European People’s Party	EPP
112747	Romana	JERKOVIĆ	For	HR	Croatia	SD	Progressive Alliance of Socialists and Democrats	S&D
125021	Agnes	JONGERIUS	For	NL	Netherlands	SD	Progressive Alliance of Socialists and Democrats	S&D
197627	Virginie	JORON	Against	FR	France	ID	Identity and Democracy	ID
197447	Irena	JOVEVA	For	SI	Slovenia	RENEW	Renew Europe	Renew
197840	Rasa	JUKNEVIČIENĖ	For	LT	Lithuania	EPP	European People’s Party	EPP
197518	Krzysztof	JURGIEL	Against	PL	Poland	ECR	European Conservatives and Reformists	ECR
197767	Eugen	JURZYCA	For	SK	Slovakia	ECR	European Conservatives and Reformists	ECR
197626	Hervé	JUVIN	Against	FR	France	NI	Non-attached Members	Non-attached
28141	Lívia	JÁRÓKA	Did Not Vote	HU	Hungary	NI	Non-attached Members	Non-attached
125109	Eva	KAILI	For	GR	Greece	NI	Non-attached Members	Non-attached
96771	Jarosław	KALINOWSKI	Against	PL	Poland	EPP	European People’s Party	EPP
197491	Marina	KALJURAND	For	EE	Estonia	SD	Progressive Alliance of Socialists and Democrats	S&D
96934	Sandra	KALNIETE	For	LV	Latvia	EPP	European People’s Party	EPP
96837	Petra	KAMMEREVERT	Did Not Vote	DE	Germany	SD	Progressive Alliance of Socialists and Democrats	S&D
197839	Radan	KANEV	For	BG	Bulgaria	EPP	European People’s Party	EPP
197469	Assita	KANKO	For	BE	Belgium	ECR	European Conservatives and Reformists	ECR
4246	Othmar	KARAS	Did Not Vote	AT	Austria	EPP	European People’s Party	EPP
197585	Pierre	KARLESKIND	For	FR	France	RENEW	Renew Europe	Renew
197401	Karin	KARLSBRO	For	SE	Sweden	RENEW	Renew Europe	Renew
250237	Włodzimierz	KARPIŃSKI	Against	PL	Poland	EPP	European People’s Party	EPP
124887	Karol	KARSKI	Did Not Vote	PL	Poland	ECR	European Conservatives and Reformists	ECR
191693	Elsi	KATAINEN	For	FI	Finland	RENEW	Renew Europe	Renew
251268	Michael	KAUCH	For	DE	Germany	RENEW	Renew Europe	Renew
125068	Emmanouil	KEFALOGIANNIS	For	GR	Greece	EPP	European People’s Party	EPP
197818	Billy	KELLEHER	For	IE	Ireland	RENEW	Renew Europe	Renew
22858	Fabienne	KELLER	For	FR	France	RENEW	Renew Europe	Renew
96734	Ska	KELLER	For	DE	Germany	GREEN_EFA	Greens/European Free Alliance	Greens/EFA
96668	Seán	KELLY	For	IE	Ireland	EPP	European People’s Party	EPP
249603	Martine	KEMP	For	LU	Luxembourg	EPP	European People’s Party	EPP
197519	Beata	KEMPA	Against	PL	Poland	ECR	European Conservatives and Reformists	ECR
197415	Niyazi	KIZILYÜREK	Did Not Vote	CY	Cyprus	GUE_NGL	The Left in the European Parliament – GUE/NGL	GUE/NGL
197520	Izabela-Helena	KLOC	Against	PL	Poland	ECR	European Conservatives and Reformists	ECR
197528	Ondřej	KNOTEK	Against	CZ	Czechia	RENEW	Renew Europe	Renew
197523	Łukasz	KOHUT	Abstain	PL	Poland	SD	Progressive Alliance of Socialists and Democrats	S&D
197406	Arba	KOKALARI	For	SE	Sweden	EPP	European People’s Party	EPP
197743	Petros	KOKKALIS	For	GR	Greece	GREEN_EFA	Greens/European Free Alliance	Greens/EFA
197546	Marcel	KOLAJA	For	CZ	Czechia	GREEN_EFA	Greens/European Free Alliance	Greens/EFA
197438	Mislav	KOLAKUŠIĆ	Did Not Vote	HR	Croatia	NI	Non-attached Members	Non-attached
23699	Kateřina	KONEČNÁ	Against	CZ	Czechia	GUE_NGL	The Left in the European Parliament – GUE/NGL	GUE/NGL
197740	Athanasios	KONSTANTINOU	Did Not Vote	GR	Greece	NI	Non-attached Members	Non-attached
197525	Ewa	KOPACZ	Did Not Vote	PL	Poland	EPP	European People’s Party	EPP
197530	Joanna	KOPCIŃSKA	Against	PL	Poland	ECR	European Conservatives and Reformists	ECR
130833	Stelios	KOULOGLOU	Did Not Vote	GR	Greece	GUE_NGL	The Left in the European Parliament – GUE/NGL	GUE/NGL
197699	Elena	KOUNTOURA	For	GR	Greece	GUE_NGL	The Left in the European Parliament – GUE/NGL	GUE/NGL
97968	Andrey	KOVATCHEV	For	BG	Bulgaria	EPP	European People’s Party	EPP
118949	Ondřej	KOVAŘÍK	Did Not Vote	CZ	Czechia	RENEW	Renew Europe	Renew
197481	Maximilian	KRAH	Against	DE	Germany	ID	Identity and Democracy	ID
124891	Zdzisław	KRASNODĘBSKI	Against	PL	Poland	ECR	European Conservatives and Reformists	ECR
197532	Elżbieta	KRUK	Against	PL	Poland	ECR	European Conservatives and Reformists	ECR
197843	Andrius	KUBILIUS	For	LT	Lithuania	EPP	European People’s Party	EPP
197395	Alice	KUHNKE	For	SE	Sweden	GREEN_EFA	Greens/European Free Alliance	Greens/EFA
197482	Joachim	KUHS	Against	DE	Germany	ID	Identity and Democracy	ID
124735	Miapetra	KUMPULA-NATRI	For	FI	Finland	SD	Progressive Alliance of Socialists and Democrats	S&D
197692	Stelios	KYMPOUROPOULOS	Did Not Vote	GR	Greece	EPP	European People’s Party	EPP
125063	Georgios	KYRTSOS	For	GR	Greece	RENEW	Renew Europe	Renew
124866	Ilhan	KYUCHYUK	For	BG	Bulgaria	RENEW	Renew Europe	Renew
96829	Ádám	KÓSA	Against	HU	Hungary	NI	Non-attached Members	Non-attached
197445	Moritz	KÖRNER	For	DE	Germany	RENEW	Renew Europe	Renew
124822	Dietmar	KÖSTER	For	DE	Germany	SD	Progressive Alliance of Socialists and Democrats	S&D
204421	Jean-Lin	LACAPELLE	Against	FR	France	ID	Identity and Democracy	ID
197460	Sergey	LAGODINSKY	For	DE	Germany	GREEN_EFA	Greens/European Free Alliance	Greens/EFA
197737	Ioannis	LAGOS	Did Not Vote	GR	Greece	NI	Non-attached Members	Non-attached
197697	Aurore	LALUCQ	For	FR	France	SD	Progressive Alliance of Socialists and Democrats	S&D
96648	Philippe	LAMBERTS	For	BE	Belgium	GREEN_EFA	Greens/European Free Alliance	Greens/EFA
192635	Danilo Oscar	LANCINI	Against	IT	Italy	ID	Identity and Democracy	ID
1909	Bernd	LANGE	For	DE	Germany	SD	Progressive Alliance of Socialists and Democrats	S&D
197461	Katrin	LANGENSIEPEN	For	DE	Germany	GREEN_EFA	Greens/European Free Alliance	Greens/EFA
197698	Pierre	LARROUTUROU	For	FR	France	SD	Progressive Alliance of Socialists and Democrats	S&D
230085	Camilla	LAURETI	For	IT	Italy	SD	Progressive Alliance of Socialists and Democrats	S&D
251859	Guy	LAVOCAT	For	FR	France	RENEW	Renew Europe	Renew
124738	Gilles	LEBRETON	Against	FR	France	ID	Identity and Democracy	ID
197393	David	LEGA	For	SE	Sweden	EPP	European People’s Party	EPP
96796	Ryszard Antoni	LEGUTKO	Against	PL	Poland	ECR	European Conservatives and Reformists	ECR
197635	Maria-Manuel	LEITÃO-MARQUES	For	PT	Portugal	SD	Progressive Alliance of Socialists and Democrats	S&D
95074	Jeroen	LENAERS	For	NL	Netherlands	EPP	European People’s Party	EPP
23781	Janusz	LEWANDOWSKI	For	PL	Poland	EPP	European People’s Party	EPP
204336	Miriam	LEXMANN	Abstain	SK	Slovakia	EPP	European People’s Party	EPP
23768	Bogusław	LIBERADZKI	For	PL	Poland	SD	Progressive Alliance of Socialists and Democrats	S&D
1927	Peter	LIESE	For	DE	Germany	EPP	European People’s Party	EPP
197483	Sylvia	LIMMER	Against	DE	Germany	ID	Identity and Democracy	ID
124808	Norbert	LINS	For	DE	Germany	EPP	European People’s Party	EPP
197611	Elena	LIZZI	Against	IT	Italy	ID	Identity and Democracy	ID
197494	Nathalie	LOISEAU	Did Not Vote	FR	France	RENEW	Renew Europe	Renew
228286	Karsten	LUCKE	For	DE	Germany	SD	Progressive Alliance of Socialists and Democrats	S&D
197721	César	LUENA	For	ES	Spain	SD	Progressive Alliance of Socialists and Democrats	S&D
124996	Peter	LUNDGREN	For	SE	Sweden	ECR	European Conservatives and Reformists	ECR
197458	Benoît	LUTGEN	Abstain	BE	Belgium	EPP	European People’s Party	EPP
125042	Javi	LÓPEZ	For	ES	Spain	SD	Progressive Alliance of Socialists and Democrats	S&D
96812	Juan Fernando	LÓPEZ AGUILAR	For	ES	Spain	SD	Progressive Alliance of Socialists and Democrats	S&D
197777	Leopoldo	LÓPEZ GIL	Abstain	ES	Spain	EPP	European People’s Party	EPP
28399	Antonio	LÓPEZ-ISTÚRIZ WHITE	Abstain	ES	Spain	EPP	European People’s Party	EPP
96709	Morten	LØKKEGAARD	For	DK	Denmark	RENEW	Renew Europe	Renew
205452	Chris	MACMANUS	For	IE	Ireland	GUE_NGL	The Left in the European Parliament – GUE/NGL	GUE/NGL
197493	Jaak	MADISON	Against	EE	Estonia	ID	Identity and Democracy	ID
197719	Cristina	MAESTRE	For	ES	Spain	SD	Progressive Alliance of Socialists and Democrats	S&D
197653	Claudiu	MANDA	Did Not Vote	RO	Romania	SD	Progressive Alliance of Socialists and Democrats	S&D
4560	Antonius	MANDERS	For	NL	Netherlands	EPP	European People’s Party	EPP
190713	Lukas	MANDL	For	AT	Austria	EPP	European People’s Party	EPP
197623	Thierry	MARIANI	Against	FR	France	ID	Identity and Democracy	ID
33982	Marian-Jean	MARINESCU	For	RO	Romania	EPP	European People’s Party	EPP
209896	Colm	MARKEY	For	IE	Ireland	EPP	European People’s Party	EPP
197462	Erik	MARQUARDT	For	DE	Germany	GREEN_EFA	Greens/European Free Alliance	Greens/EFA
197634	Pedro	MARQUES	Did Not Vote	PT	Portugal	SD	Progressive Alliance of Socialists and Democrats	S&D
197638	Margarida	MARQUES	For	PT	Portugal	SD	Progressive Alliance of Socialists and Democrats	S&D
124828	Fulvio	MARTUSCIELLO	Did Not Vote	IT	Italy	EPP	European People’s Party	EPP
249285	Lydie	MASSARD	For	FR	France	GREEN_EFA	Greens/European Free Alliance	Greens/EFA
197441	Predrag Fred	MATIĆ	For	HR	Croatia	SD	Progressive Alliance of Socialists and Democrats	S&D
96936	Gabriel	MATO	For	ES	Spain	EPP	European People’s Party	EPP
208722	Sara	MATTHIEU	For	BE	Belgium	GREEN_EFA	Greens/European Free Alliance	Greens/EFA
24505	Emmanuel	MAUREL	Against	FR	France	GUE_NGL	The Left in the European Parliament – GUE/NGL	GUE/NGL
124691	Costas	MAVRIDES	Did Not Vote	CY	Cyprus	SD	Progressive Alliance of Socialists and Democrats	S&D
197522	Radka	MAXOVÁ	For	CZ	Czechia	SD	Progressive Alliance of Socialists and Democrats	S&D
98341	Eva	MAYDELL	For	BG	Bulgaria	EPP	European People’s Party	EPP
38511	Georg	MAYER	Against	AT	Austria	ID	Identity and Democracy	ID
197538	Beata	MAZUREK	Against	PL	Poland	ECR	European Conservatives and Reformists	ECR
197841	Liudas	MAŽYLIS	For	LT	Lithuania	EPP	European People’s Party	EPP
124806	David	MCALLISTER	For	DE	Germany	EPP	European People’s Party	EPP
204418	Nora	MEBAREK	For	FR	France	SD	Progressive Alliance of Socialists and Democrats	S&D
197662	Vangelis	MEIMARAKIS	For	GR	Greece	EPP	European People’s Party	EPP
130256	Dace	MELBĀRDE	For	LV	Latvia	EPP	European People’s Party	EPP
197567	Karen	MELCHIOR	For	DK	Denmark	RENEW	Renew Europe	Renew
236053	Marina	MESURE	Against	FR	France	GUE_NGL	The Left in the European Parliament – GUE/NGL	GUE/NGL
118859	Roberta	METSOLA	Did Not Vote	MT	Malta	EPP	European People’s Party	EPP
193292	Tilly	METZ	For	LU	Luxembourg	GREEN_EFA	Greens/European Free Alliance	Greens/EFA
190518	Jörg	MEUTHEN	Against	DE	Germany	NI	Non-attached Members	Non-attached
120478	Martina	MICHELS	For	DE	Germany	GUE_NGL	The Left in the European Parliament – GUE/NGL	GUE/NGL
125128	Iskra	MIHAYLOVA	Did Not Vote	BG	Bulgaria	RENEW	Renew Europe	Renew
249826	Jozef	MIHÁL	For	SK	Slovakia	RENEW	Renew Europe	Renew
197497	Sven	MIKSER	For	EE	Estonia	SD	Progressive Alliance of Socialists and Democrats	S&D
197824	Giuseppe	MILAZZO	Abstain	IT	Italy	ECR	European Conservatives and Reformists	ECR
197540	Leszek	MILLER	Abstain	PL	Poland	SD	Progressive Alliance of Socialists and Democrats	S&D
28400	Francisco José	MILLÁN MON	Abstain	ES	Spain	EPP	European People’s Party	EPP
236051	Eric	MINARDI	Did Not Vote	FR	France	ID	Identity and Democracy	ID
24942	Ana	MIRANDA PAZ	Did Not Vote	ES	Spain	GREEN_EFA	Greens/European Free Alliance	Greens/EFA
212855	Alin	MITUȚA	For	RO	Romania	RENEW	Renew Europe	Renew
197805	Silvia	MODIG	Abstain	FI	Finland	GUE_NGL	The Left in the European Parliament – GUE/NGL	GUE/NGL
124722	Csaba	MOLNÁR	For	HU	Hungary	SD	Progressive Alliance of Socialists and Democrats	S&D
197711	Dolors	MONTSERRAT	Did Not Vote	ES	Spain	EPP	European People’s Party	EPP
72779	Nadine	MORANO	Abstain	FR	France	EPP	European People’s Party	EPP
28347	Javier	MORENO SÁNCHEZ	For	ES	Spain	SD	Progressive Alliance of Socialists and Democrats	S&D
124799	Alessandra	MORETTI	For	IT	Italy	SD	Progressive Alliance of Socialists and Democrats	S&D
254876	Ricardo	MORGADO	For	PT	Portugal	EPP	European People’s Party	EPP
197427	Marlene	MORTLER	For	DE	Germany	EPP	European People’s Party	EPP
197647	Dan-Ştefan	MOTREANU	For	RO	Romania	EPP	European People’s Party	EPP
197541	Andżelika Anna	MOŻDŻANOWSKA	Against	PL	Poland	ECR	European Conservatives and Reformists	ECR
124802	Siegfried	MUREŞAN	For	RO	Romania	EPP	European People’s Party	EPP
28429	Alessandra	MUSSOLINI	For	IT	Italy	EPP	European People’s Party	EPP
124862	Ulrike	MÜLLER	Did Not Vote	DE	Germany	RENEW	Renew Europe	Renew
190519	Caroline	NAGTEGAAL	For	NL	Netherlands	RENEW	Renew Europe	Renew
125005	Javier	NART	For	ES	Spain	RENEW	Renew Europe	Renew
88882	Victor	NEGRESCU	For	RO	Romania	SD	Progressive Alliance of Socialists and Democrats	S&D
233862	Matjaž	NEMEC	For	SI	Slovenia	SD	Progressive Alliance of Socialists and Democrats	S&D
239260	Denis	NESCI	Abstain	IT	Italy	ECR	European Conservatives and Reformists	ECR
254721	Vânia	NETO	For	PT	Portugal	EPP	European People’s Party	EPP
197464	Hannah	NEUMANN	For	DE	Germany	GREEN_EFA	Greens/European Free Alliance	Greens/EFA
124784	Dan	NICA	For	RO	Romania	SD	Progressive Alliance of Socialists and Democrats	S&D
4289	Angelika	NIEBLER	For	DE	Germany	EPP	European People’s Party	EPP
124701	Luděk	NIEDERMAYER	For	CZ	Czechia	EPP	European People’s Party	EPP
197465	Niklas	NIENASS	For	DE	Germany	GREEN_EFA	Greens/European Free Alliance	Greens/EFA
197802	Ville	NIINISTÖ	For	FI	Finland	GREEN_EFA	Greens/European Free Alliance	Greens/EFA
197734	Lefteris	NIKOLAOU-ALAVANOS	Did Not Vote	GR	Greece	NI	Non-attached Members	Non-attached
238639	Johan	NISSINEN	For	SE	Sweden	ECR	European Conservatives and Reformists	ECR
202112	Gheorghe-Vlad	NISTOR	Did Not Vote	RO	Romania	EPP	European People’s Party	EPP
124836	Maria	NOICHL	For	DE	Germany	SD	Progressive Alliance of Socialists and Democrats	S&D
28294	Ljudmila	NOVAK	For	SI	Slovenia	EPP	European People’s Party	EPP
107212	Andrey	NOVAKOV	For	BG	Bulgaria	EPP	European People’s Party	EPP
197889	Grace	O'SULLIVAN	For	IE	Ireland	GREEN_EFA	Greens/European Free Alliance	Greens/EFA
197542	Janina	OCHOJSKA	Did Not Vote	PL	Poland	EPP	European People’s Party	EPP
197432	Jan-Christoph	OETJEN	For	DE	Germany	RENEW	Renew Europe	Renew
237779	Carina	OHLSSON	For	SE	Sweden	SD	Progressive Alliance of Socialists and Democrats	S&D
28288	Jan	OLBRYCHT	Against	PL	Poland	EPP	European People’s Party	EPP
197838	Juozas	OLEKAS	For	LT	Lithuania	SD	Progressive Alliance of Socialists and Democrats	S&D
197687	Philippe	OLIVIER	Against	FR	France	ID	Identity and Democracy	ID
30482	Younous	OMARJEE	Against	FR	France	GUE_NGL	The Left in the European Parliament – GUE/NGL	GUE/NGL
253043	Henk Jan	ORMEL	For	NL	Netherlands	EPP	European People’s Party	EPP
234344	Max	ORVILLE	For	FR	France	RENEW	Renew Europe	Renew
232843	Jan	OVELGONNE	For	DE	Germany	GREEN_EFA	Greens/European Free Alliance	Greens/EFA
129073	Urmas	PAET	For	EE	Estonia	RENEW	Renew Europe	Renew
125038	Maite	PAGAZAURTUNDÚA	For	ES	Spain	RENEW	Renew Europe	Renew
250235	Witold	PAHL	Against	PL	Poland	EPP	European People’s Party	EPP
99283	Alessandro	PANZA	Against	IT	Italy	ID	Identity and Democracy	ID
124692	Demetris	PAPADAKIS	For	CY	Cyprus	SD	Progressive Alliance of Socialists and Democrats	S&D
125093	Kostas	PAPADAKIS	Against	GR	Greece	NI	Non-attached Members	Non-attached
28586	Dimitrios	PAPADIMOULIS	For	GR	Greece	GUE_NGL	The Left in the European Parliament – GUE/NGL	GUE/NGL
244571	Nikos	PAPANDREOU	For	GR	Greece	SD	Progressive Alliance of Socialists and Democrats	S&D
36392	Aldo	PATRICIELLO	Did Not Vote	IT	Italy	ID	Identity and Democracy	ID
197466	Jutta	PAULUS	For	DE	Germany	GREEN_EFA	Greens/European Free Alliance	Greens/EFA
124844	Piernicola	PEDICINI	Did Not Vote	IT	Italy	GREEN_EFA	Greens/European Free Alliance	Greens/EFA
197563	Mauri	PEKKARINEN	For	FI	Finland	RENEW	Renew Europe	Renew
197539	Mikuláš	PEKSA	For	CZ	Czechia	GREEN_EFA	Greens/European Free Alliance	Greens/EFA
197527	Anne-Sophie	PELLETIER	For	FR	France	GUE_NGL	The Left in the European Parliament – GUE/NGL	GUE/NGL
197845	Tsvetelina	PENKOVA	Did Not Vote	BG	Bulgaria	SD	Progressive Alliance of Socialists and Democrats	S&D
243979	Francesca	PEPPUCCI	For	IT	Italy	EPP	European People’s Party	EPP
197738	Lídia	PEREIRA	For	PT	Portugal	EPP	European People’s Party	EPP
197754	Sandra	PEREIRA	Abstain	PT	Portugal	GUE_NGL	The Left in the European Parliament – GUE/NGL	GUE/NGL
197573	Kira Marie	PETER-HANSEN	For	DK	Denmark	GREEN_EFA	Greens/European Free Alliance	Greens/EFA
124872	Morten	PETERSEN	For	DK	Denmark	RENEW	Renew Europe	Renew
124846	Pina	PICIERNO	For	IT	Italy	SD	Progressive Alliance of Socialists and Democrats	S&D
112744	Tonino	PICULA	For	HR	Croatia	SD	Progressive Alliance of Socialists and Democrats	S&D
28224	Markus	PIEPER	For	DE	Germany	EPP	European People’s Party	EPP
40599	Sirpa	PIETIKÄINEN	For	FI	Finland	EPP	European People’s Party	EPP
197619	Sabrina	PIGNEDOLI	For	IT	Italy	NI	Non-attached Members	Non-attached
136236	João	PIMENTA LOPES	Abstain	PT	Portugal	GUE_NGL	The Left in the European Parliament – GUE/NGL	GUE/NGL
197828	Manu	PINEDA	Abstain	ES	Spain	GUE_NGL	The Left in the European Parliament – GUE/NGL	GUE/NGL
197629	Maxette	PIRBAKAS	For	FR	France	NI	Non-attached Members	Non-attached
249443	Wolfram	PIRCHNER	For	AT	Austria	EPP	European People’s Party	EPP
197590	Giuliano	PISAPIA	For	IT	Italy	SD	Progressive Alliance of Socialists and Democrats	S&D
38595	Rovana	PLUMB	For	RO	Romania	SD	Progressive Alliance of Socialists and Democrats	S&D
197404	Jessica	POLFJÄRD	For	SE	Sweden	EPP	European People’s Party	EPP
197765	Peter	POLLÁK	Abstain	SK	Slovakia	EPP	European People’s Party	EPP
124704	Stanislav	POLČÁK	For	CZ	Czechia	EPP	European People’s Party	EPP
204443	Clara	PONSATÍ OBIOLS	Did Not Vote	ES	Spain	NI	Non-attached Members	Non-attached
237320	Eva Maria	POPTCHEVA	For	ES	Spain	RENEW	Renew Europe	Renew
96801	Tomasz Piotr	PORĘBA	Against	PL	Poland	ECR	European Conservatives and Reformists	ECR
125706	Jiří	POSPÍŠIL	Abstain	CZ	Czechia	EPP	European People’s Party	EPP
239972	Erik	POULSEN	For	DK	Denmark	RENEW	Renew Europe	Renew
197820	Nicola	PROCACCINI	Abstain	IT	Italy	ECR	European Conservatives and Reformists	ECR
202351	Carles	PUIGDEMONT I CASAMAJÓ	For	ES	Spain	NI	Non-attached Members	Non-attached
197663	Dragoş	PÎSLARU	For	RO	Romania	RENEW	Renew Europe	Renew
197764	Miroslav	RADAČOVSKÝ	Did Not Vote	SK	Slovakia	NI	Non-attached Members	Non-attached
124850	Emil	RADEV	For	BG	Bulgaria	EPP	European People’s Party	EPP
188945	Dennis	RADTKE	For	DE	Germany	EPP	European People’s Party	EPP
197868	Samira	RAFAELA	For	NL	Netherlands	RENEW	Renew Europe	Renew
197544	Elżbieta	RAFALSKA	Against	PL	Poland	ECR	European Conservatives and Reformists	ECR
239973	Bergur Løkke	RASMUSSEN	For	DK	Denmark	RENEW	Renew Europe	Renew
96998	Evelyn	REGNER	For	AT	Austria	SD	Progressive Alliance of Socialists and Democrats	S&D
197488	Guido	REIL	Against	DE	Germany	ID	Identity and Democracy	ID
103381	Terry	REINTKE	For	DE	Germany	GREEN_EFA	Greens/European Free Alliance	Greens/EFA
229839	René	REPASI	For	DE	Germany	SD	Progressive Alliance of Socialists and Democrats	S&D
197413	Karlo	RESSLER	Did Not Vote	HR	Croatia	EPP	European People’s Party	EPP
218347	Thijs	REUTEN	For	NL	Netherlands	SD	Progressive Alliance of Socialists and Democrats	S&D
197832	Diana	RIBA I GINER	For	ES	Spain	GREEN_EFA	Greens/European Free Alliance	Greens/EFA
4253	Frédérique	RIES	For	BE	Belgium	RENEW	Renew Europe	Renew
197787	Antonio Maria	RINALDI	Against	IT	Italy	ID	Identity and Democracy	ID
229519	Catharina	RINZEMA	For	NL	Netherlands	RENEW	Renew Europe	Renew
206158	Manuela	RIPA	For	DE	Germany	GREEN_EFA	Greens/European Free Alliance	Greens/EFA
96885	Dominique	RIQUET	For	FR	France	RENEW	Renew Europe	Renew
197615	Jérôme	RIVIÈRE	Against	FR	France	NI	Non-attached Members	Non-attached
197801	Franco	ROBERTI	For	IT	Italy	SD	Progressive Alliance of Socialists and Democrats	S&D
254718	Anabela	RODRIGUES	For	PT	Portugal	GUE_NGL	The Left in the European Parliament – GUE/NGL	GUE/NGL
197785	Eugenia	RODRÍGUEZ PALOP	Against	ES	Spain	GUE_NGL	The Left in the European Parliament – GUE/NGL	GUE/NGL
4344	María Soraya	RODRÍGUEZ RAMOS	For	ES	Spain	RENEW	Renew Europe	Renew
125043	Inma	RODRÍGUEZ-PIÑERO	For	ES	Spain	SD	Progressive Alliance of Socialists and Democrats	S&D
250538	Rafał	ROMANOWSKI	Did Not Vote	PL	Poland	ECR	European Conservatives and Reformists	ECR
197792	Daniela	RONDINELLI	For	IT	Italy	SD	Progressive Alliance of Socialists and Democrats	S&D
197776	Rob	ROOKEN	Against	NL	Netherlands	ECR	European Conservatives and Reformists	ECR
204733	Dorien	ROOKMAKER	For	NL	Netherlands	ECR	European Conservatives and Reformists	ECR
197709	Robert	ROOS	Against	NL	Netherlands	ECR	European Conservatives and Reformists	ECR
197506	Caroline	ROOSE	For	FR	France	GREEN_EFA	Greens/European Free Alliance	Greens/EFA
125214	Bronis	ROPĖ	For	LT	Lithuania	GREEN_EFA	Greens/European Free Alliance	Greens/EFA
204413	Marcos	ROS SEMPERE	For	ES	Spain	SD	Progressive Alliance of Socialists and Democrats	S&D
243912	Maria Veronica	ROSSI	Against	IT	Italy	ID	Identity and Democracy	ID
96653	Katarína	ROTH NEVEĎALOVÁ	Against	SK	Slovakia	NI	Non-attached Members	Non-attached
197690	André	ROUGÉ	Against	FR	France	ID	Identity and Democracy	ID
245858	Thomas	RUDNER	For	DE	Germany	SD	Progressive Alliance of Socialists and Democrats	S&D
197773	Bert-Jan	RUISSEN	Abstain	NL	Netherlands	ECR	European Conservatives and Reformists	ECR
127096	Domènec	RUIZ DEVESA	For	ES	Spain	SD	Progressive Alliance of Socialists and Democrats	S&D
132366	Pirkko	RUOHONEN-LERNER	For	FI	Finland	ECR	European Conservatives and Reformists	ECR
197545	Bogdan	RZOŃCA	Against	PL	Poland	ECR	European Conservatives and Reformists	ECR
197584	Sándor	RÓNAI	Against	HU	Hungary	SD	Progressive Alliance of Socialists and Democrats	S&D
204368	Christian	SAGARTZ	For	AT	Austria	EPP	European People’s Party	EPP
249284	Laurence	SAILLIET	Abstain	FR	France	EPP	European People’s Party	EPP
125670	Massimiliano	SALINI	For	IT	Italy	EPP	European People’s Party	EPP
24594	Anne	SANDER	Abstain	FR	France	EPP	European People’s Party	EPP
124781	Alfred	SANT	For	MT	Malta	SD	Progressive Alliance of Socialists and Democrats	S&D
197650	Isabel	SANTOS	For	PT	Portugal	SD	Progressive Alliance of Socialists and Democrats	S&D
254722	Teófilo	SANTOS	For	PT	Portugal	EPP	European People’s Party	EPP
251249	Esther	SANZ SELVA	Against	ES	Spain	GUE_NGL	The Left in the European Parliament – GUE/NGL	GUE/NGL
197578	Silvia	SARDONE	Against	IT	Italy	ID	Identity and Democracy	ID
112611	Petri	SARVAMAA	For	FI	Finland	EPP	European People’s Party	EPP
28297	Jacek	SARYUSZ-WOLSKI	Against	PL	Poland	ECR	European Conservatives and Reformists	ECR
197500	Mounir	SATOURI	For	FR	France	GREEN_EFA	Greens/European Free Alliance	Greens/EFA
37312	Christel	SCHALDEMOSE	For	DK	Denmark	SD	Progressive Alliance of Socialists and Democrats	S&D
213330	Ernő	SCHALLER-BAROSS	Against	HU	Hungary	NI	Non-attached Members	Non-attached
197670	Andreas	SCHIEDER	For	AT	Austria	SD	Progressive Alliance of Socialists and Democrats	S&D
190517	Martin	SCHIRDEWAN	Did Not Vote	DE	Germany	GUE_NGL	The Left in the European Parliament – GUE/NGL	GUE/NGL
197422	Christine	SCHNEIDER	For	DE	Germany	EPP	European People’s Party	EPP
96646	Helmut	SCHOLZ	For	DE	Germany	GUE_NGL	The Left in the European Parliament – GUE/NGL	GUE/NGL
125030	Annie	SCHREIJER-PIERIK	Did Not Vote	NL	Netherlands	EPP	European People’s Party	EPP
124837	Joachim	SCHUSTER	For	DE	Germany	SD	Progressive Alliance of Socialists and Democrats	S&D
28223	Andreas	SCHWAB	For	DE	Germany	EPP	European People’s Party	EPP
197425	Ralf	SEEKATZ	For	DE	Germany	EPP	European People’s Party	EPP
197835	Aušra	SEIBUTYTĖ	For	LT	Lithuania	EPP	European People’s Party	EPP
197418	Monica	SEMEDO	For	LU	Luxembourg	RENEW	Renew Europe	Renew
197423	Nico	SEMSROTT	Did Not Vote	DE	Germany	GREEN_EFA	Greens/European Free Alliance	Greens/EFA
197677	Günther	SIDL	For	AT	Austria	SD	Progressive Alliance of Socialists and Democrats	S&D
124747	Pedro	SILVA PEREIRA	For	PT	Portugal	SD	Progressive Alliance of Socialists and Democrats	S&D
197426	Sven	SIMON	For	DE	Germany	EPP	European People’s Party	EPP
197935	Ivan Vilibor	SINČIĆ	Abstain	HR	Croatia	NI	Non-attached Members	Non-attached
96932	Birgit	SIPPEL	Did Not Vote	DE	Germany	SD	Progressive Alliance of Socialists and Democrats	S&D
197390	Sara	SKYTTEDAL	Abstain	SE	Sweden	EPP	European People’s Party	EPP
197849	Andrey	SLABAKOV	Against	BG	Bulgaria	ECR	European Conservatives and Reformists	ECR
197791	Massimiliano	SMERIGLIO	Did Not Vote	IT	Italy	NI	Non-attached Members	Non-attached
204334	Vincenzo	SOFO	Abstain	IT	Italy	ECR	European Conservatives and Reformists	ECR
197417	Tomislav	SOKOL	Did Not Vote	HR	Croatia	EPP	European People’s Party	EPP
185974	Jordi	SOLÉ	For	ES	Spain	GREEN_EFA	Greens/European Free Alliance	Greens/EFA
197784	Susana	SOLÍS PÉREZ	For	ES	Spain	RENEW	Renew Europe	Renew
124834	Martin	SONNEBORN	Against	DE	Germany	NI	Non-attached Members	Non-attached
197550	Sylwia	SPUREK	For	PL	Poland	GREEN_EFA	Greens/European Free Alliance	Greens/EFA
125064	Maria	SPYRAKI	For	GR	Greece	EPP	European People’s Party	EPP
197825	Raffaele	STANCANELLI	Did Not Vote	IT	Italy	ECR	European Conservatives and Reformists	ECR
124852	Sergei	STANISHEV	For	BG	Bulgaria	SD	Progressive Alliance of Socialists and Democrats	S&D
239271	Eleni	STAVROU	Did Not Vote	CY	Cyprus	EPP	European People’s Party	EPP
197772	Tineke	STRIK	For	NL	Netherlands	GREEN_EFA	Greens/European Free Alliance	Greens/EFA
134605	Ramona	STRUGARIU	For	RO	Romania	RENEW	Renew Europe	Renew
197553	Beata	SZYDŁO	Did Not Vote	PL	Poland	ECR	European Conservatives and Reformists	ECR
197722	Nacho	SÁNCHEZ AMOR	For	ES	Spain	SD	Progressive Alliance of Socialists and Democrats	S&D
125020	Paul	TANG	Did Not Vote	NL	Netherlands	SD	Progressive Alliance of Socialists and Democrats	S&D
29579	Marc	TARABELLA	For	BE	Belgium	NI	Non-attached Members	Non-attached
204346	Dominik	TARCZYŃSKI	Against	PL	Poland	ECR	European Conservatives and Reformists	ECR
197806	Annalisa	TARDINO	Against	IT	Italy	ID	Identity and Democracy	ID
197756	Vera	TAX	For	NL	Netherlands	SD	Progressive Alliance of Socialists and Democrats	S&D
197655	Cristian	TERHEŞ	Against	RO	Romania	ECR	European Conservatives and Reformists	ECR
204449	Riho	TERRAS	Did Not Vote	EE	Estonia	EPP	European People’s Party	EPP
197831	Hermann	TERTSCH	For	ES	Spain	ECR	European Conservatives and Reformists	ECR
197667	Barbara	THALER	For	AT	Austria	EPP	European People’s Party	EPP
250918	François	THIOLLET	For	FR	France	GREEN_EFA	Greens/European Free Alliance	Greens/EFA
96776	Róża	THUN UND HOHENSTEIN	For	PL	Poland	RENEW	Renew Europe	Renew
197591	Irene	TINAGLI	For	IT	Italy	SD	Progressive Alliance of Socialists and Democrats	S&D
197559	Grzegorz	TOBISZOWSKI	Against	PL	Poland	ECR	European Conservatives and Reformists	ECR
197402	Tomas	TOBÉ	For	SE	Sweden	EPP	European People’s Party	EPP
28340	Patrizia	TOIA	For	IT	Italy	SD	Progressive Alliance of Socialists and Democrats	S&D
197547	Irène	TOLLERET	For	FR	France	RENEW	Renew Europe	Renew
197672	Eugen	TOMAC	For	RO	Romania	EPP	European People’s Party	EPP
96697	Waldemar	TOMASZEWSKI	Against	LT	Lithuania	ECR	European Conservatives and Reformists	ECR
125104	Romana	TOMC	For	SI	Slovenia	EPP	European People’s Party	EPP
124700	Jana	TOOM	For	EE	Estonia	RENEW	Renew Europe	Renew
114268	Nils	TORVALDS	For	FI	Finland	RENEW	Renew Europe	Renew
97236	Marie	TOUSSAINT	For	FR	France	GREEN_EFA	Greens/European Free Alliance	Greens/EFA
197580	Isabella	TOVAGLIERI	Did Not Vote	IT	Italy	ID	Identity and Democracy	ID
96713	Evžen	TOŠENOVSKÝ	For	CZ	Czechia	ECR	European Conservatives and Reformists	ECR
197894	László	TRÓCSÁNYI	Against	HU	Hungary	NI	Non-attached Members	Non-attached
197665	Dragoş	TUDORACHE	For	RO	Romania	RENEW	Renew Europe	Renew
198183	Mihai	TUDOSE	Did Not Vote	RO	Romania	SD	Progressive Alliance of Socialists and Democrats	S&D
27714	Edina	TÓTH	Against	HU	Hungary	NI	Non-attached Members	Non-attached
197763	Milan	UHRÍK	Against	SK	Slovakia	NI	Non-attached Members	Non-attached
124705	István	UJHELYI	For	HU	Hungary	SD	Progressive Alliance of Socialists and Democrats	S&D
131507	Miguel	URBÁN CRESPO	Did Not Vote	ES	Spain	GUE_NGL	The Left in the European Parliament – GUE/NGL	GUE/NGL
96698	Viktor	USPASKICH	Did Not Vote	LT	Lithuania	NI	Non-attached Members	Non-attached
197810	Nils	UŠAKOVS	For	LV	Latvia	SD	Progressive Alliance of Socialists and Democrats	S&D
28617	Inese	VAIDERE	For	LV	Latvia	EPP	European People’s Party	EPP
5729	Kathleen	VAN BREMPT	For	BE	Belgium	SD	Progressive Alliance of Socialists and Democrats	S&D
125106	Johan	VAN OVERTVELDT	For	BE	Belgium	ECR	European Conservatives and Reformists	ECR
197870	Kim	VAN SPARRENTAK	For	NL	Netherlands	GREEN_EFA	Greens/European Free Alliance	Greens/EFA
124934	Monika	VANA	For	AT	Austria	GREEN_EFA	Greens/European Free Alliance	Greens/EFA
185771	Tom	VANDENDRIESSCHE	Against	BE	Belgium	ID	Identity and Democracy	ID
129164	Tom	VANDENKENDELAERE	For	BE	Belgium	EPP	European People’s Party	EPP
239257	Achille	VARIATI	For	IT	Italy	SD	Progressive Alliance of Socialists and Democrats	S&D
130100	Hilde	VAUTMANS	For	BE	Belgium	RENEW	Renew Europe	Renew
197502	Marie-Pierre	VEDRENNE	For	FR	France	RENEW	Renew Europe	Renew
96756	Sabine	VERHEYEN	For	DE	Germany	EPP	European People’s Party	EPP
97058	Guy	VERHOFSTADT	For	BE	Belgium	RENEW	Renew Europe	Renew
125001	Harald	VILIMSKY	Against	AT	Austria	ID	Identity and Democracy	ID
197827	Idoia	VILLANUEVA RUIZ	Against	ES	Spain	GUE_NGL	The Left in the European Parliament – GUE/NGL	GUE/NGL
197571	Nikolaj	VILLUMSEN	For	DK	Denmark	GUE_NGL	The Left in the European Parliament – GUE/NGL	GUE/NGL
98582	Loránt	VINCZE	Abstain	RO	Romania	EPP	European People’s Party	EPP
199941	Marianne	VIND	For	DK	Denmark	SD	Progressive Alliance of Socialists and Democrats	S&D
124726	Henna	VIRKKUNEN	For	FI	Finland	EPP	European People’s Party	EPP
124875	Anders	VISTISEN	Against	DK	Denmark	ID	Identity and Democracy	ID
197844	Petar	VITANOV	For	BG	Bulgaria	SD	Progressive Alliance of Socialists and Democrats	S&D
197451	Viola	VON CRAMON-TAUBADEL	For	DE	Germany	GREEN_EFA	Greens/European Free Alliance	Greens/EFA
197537	Alexandr	VONDRA	For	CZ	Czechia	ECR	European Conservatives and Reformists	ECR
96761	Axel	VOSS	For	DE	Germany	EPP	European People’s Party	EPP
125065	Elissavet	VOZEMBERG-VRIONIDI	Did Not Vote	GR	Greece	EPP	European People’s Party	EPP
197552	Veronika	VRECIONOVÁ	For	CZ	Czechia	ECR	European Conservatives and Reformists	ECR
197798	Lucia	VUOLO	For	IT	Italy	EPP	European People’s Party	EPP
204400	Adrián	VÁZQUEZ LÁZARA	For	ES	Spain	RENEW	Renew Europe	Renew
190464	Thomas	WAITZ	For	AT	Austria	GREEN_EFA	Greens/European Free Alliance	Greens/EFA
197817	Mick	WALLACE	Against	IE	Ireland	GUE_NGL	The Left in the European Parliament – GUE/NGL	GUE/NGL
197863	Maria	WALSH	Did Not Vote	IE	Ireland	EPP	European People’s Party	EPP
197429	Marion	WALSMANN	For	DE	Germany	EPP	European People’s Party	EPP
197405	Jörgen	WARBORN	For	SE	Sweden	EPP	European People’s Party	EPP
197566	Witold Jan	WASZCZYKOWSKI	Against	PL	Poland	ECR	European Conservatives and Reformists	ECR
28229	Manfred	WEBER	For	DE	Germany	EPP	European People’s Party	EPP
123562	Charlie	WEIMERS	Did Not Vote	SE	Sweden	ECR	European Conservatives and Reformists	ECR
197515	Pernille	WEISS	For	DK	Denmark	EPP	European People’s Party	EPP
2323	Rainer	WIELAND	For	DE	Germany	EPP	European People’s Party	EPP
197675	Sarah	WIENER	For	AT	Austria	GREEN_EFA	Greens/European Free Alliance	Greens/EFA
214839	Emma	WIESNER	For	SE	Sweden	RENEW	Renew Europe	Renew
197769	Michal	WIEZIK	Abstain	SK	Slovakia	RENEW	Renew Europe	Renew
39725	Iuliu	WINKLER	For	RO	Romania	EPP	European People’s Party	EPP
197652	Angelika	WINZIG	For	AT	Austria	EPP	European People’s Party	EPP
197421	Isabel	WISELER-LIMA	For	LU	Luxembourg	EPP	European People’s Party	EPP
124877	Jadwiga	WIŚNIEWSKA	Against	PL	Poland	ECR	European Conservatives and Reformists	ECR
5392	Lara	WOLTERS	For	NL	Netherlands	SD	Progressive Alliance of Socialists and Democrats	S&D
185619	Tiemo	WÖLKEN	For	DE	Germany	SD	Progressive Alliance of Socialists and Democrats	S&D
197511	Salima	YENBOU	For	FR	France	RENEW	Renew Europe	Renew
197581	Stéphanie	YON-COURTIN	For	FR	France	RENEW	Renew Europe	Renew
197842	Elena	YONCHEVA	Did Not Vote	BG	Bulgaria	SD	Progressive Alliance of Socialists and Democrats	S&D
125067	Theodoros	ZAGORAKIS	Did Not Vote	GR	Greece	SD	Progressive Alliance of Socialists and Democrats	S&D
23712	Jan	ZAHRADIL	Against	CZ	Czechia	ECR	European Conservatives and Reformists	ECR
197572	Anna	ZALEWSKA	Against	PL	Poland	ECR	European Conservatives and Reformists	ECR
197586	Stefania	ZAMBELLI	For	IT	Italy	EPP	European People’s Party	EPP
124780	Marco	ZANNI	Against	IT	Italy	ID	Identity and Democracy	ID
197606	Javier	ZARZALEJOS	Abstain	ES	Spain	EPP	European People’s Party	EPP
124713	Tomáš	ZDECHOVSKÝ	Abstain	CZ	Czechia	EPP	European People’s Party	EPP
197489	Bernhard	ZIMNIOK	Against	DE	Germany	ID	Identity and Democracy	ID
197621	Juan Ignacio	ZOIDO ÁLVAREZ	Abstain	ES	Spain	EPP	European People’s Party	EPP
124739	Carlos	ZORRINHO	For	PT	Portugal	SD	Progressive Alliance of Socialists and Democrats	S&D
185341	Željana	ZOVKO	Did Not Vote	HR	Croatia	EPP	European People’s Party	EPP
125237	Marco	ZULLO	For	IT	Italy	RENEW	Renew Europe	Renew
96933	Milan	ZVER	For	SI	Slovenia	EPP	European People’s Party	EPP
28615	Roberts	ZĪLE	Did Not Vote	LV	Latvia	ECR	European Conservatives and Reformists	ECR
124884	Kosma	ZŁOTOWSKI	Against	PL	Poland	ECR	European Conservatives and Reformists	ECR
125025	Marcel	de GRAAFF	Against	NL	Netherlands	NI	Non-attached Members	Non-attached
197766	Lucia	ĎURIŠ NICHOLSONOVÁ	For	SK	Slovakia	RENEW	Renew Europe	Renew
96791	Elżbieta Katarzyna	ŁUKACIJEWSKA	Against	PL	Poland	EPP	European People’s Party	EPP
58766	Nicolae	ŞTEFĂNUȚĂ	Did Not Vote	RO	Romania	GREEN_EFA	Greens/European Free Alliance	Greens/EFA
124710	Michaela	ŠOJDROVÁ	Abstain	CZ	Czechia	EPP	European People’s Party	EPP
124929	Ivan	ŠTEFANEC	Abstain	SK	Slovakia	EPP	European People’s Party	EPP
28619	Tatjana	ŽDANOKA	Against	LV	Latvia	NI	Non-attached Members	Non-attached
